 ,LAST NAME,FIRST NAME,EMAIL,ZIPCODE,CITY,STATE,ADDRESS,PHONE,DISTRICT
1,Sharrow,John,gqix.haber@jumpstartlab.com,00000,Johannesburg, south africa,PW,86 7TH AVE, MELVILLE,,27797440000,not pulled
2,Wasserman,John,flintessential_reflection@jumpstartlab.com,01267,Williamstown,MA,2437 PARESKY,8283800000,not pulled
3,Hall,John,rmates6601@jumpstartlab.com,01602,Worcester,MA,266 OLEAN ST.,5087521000,not pulled
4,Judkins,John,mjjones7@jumpstartlab.com,01824,Chelmsford,MA,25 CATHY ROAD,6172908000,not pulled
5,Popovitch,John,clorzana@jumpstartlab.com,02138,Cambridge,MA,1112 HARVARD YARD MAIL CENTER,7163927000,not pulled
6,Regan,John,sfnghandong@jumpstartlab.com,02138,Cambridge,MA,1815 HARVARD YARD MAIL CTR,2485354000,not pulled
7,Asher,John,xlm2@jumpstartlab.com,02155,Medford,MA,328 HOUSTON HALL, TUFTS UNIVERSITY,2164020000,not pulled
8,Raiho,John,gpn@jumpstartlab.com,04102,Portland,ME,272 DANFORTH ST.,7183054000,not pulled
9,Corkins,John,kjya.courtney@jumpstartlab.com,04240,Lewiston,ME,BATES,9143204000,not pulled
10,Tuck,John,tbolkart@jumpstartlab.com,04901,Waterville,ME,7911 MAYFLOWER HILL,7183054000,not pulled
11,Walker,John,uaazarus@jumpstartlab.com,05401,Bulington,VT,203 SOUTH WILLARD ST,9732706000,not pulled
12,Eller,John,hxshifle@jumpstartlab.com,08544,Princeton,NJ,1056 FRIST CENTER,6092717000,not pulled
13,Kerner,John,jil6@jumpstartlab.com,08544,Princeton,NJ,FRIST,5852011000,not pulled
14,Mceachern,John,lqorej8@jumpstartlab.com,10708,Bronxville,NY,1 RIVERMERE, APT. 1B,9143251000,not pulled
15,Gallagher,John,llarunchia001@jumpstartlab.com,11365,Fresh meadows,NY,71-72 162ND ST,8459887000,not pulled
16,Copenhaver,John,oteastes@jumpstartlab.com,11731,East northport,NY,426 5TH STREET,6313576000,not pulled
17,Bishop,John,dpichard@jumpstartlab.com,13323,Clinton,NY,198 COLLEGE HILL ROAD,9085280000,not pulled
18,Dolstad,John,evff.bessette@jumpstartlab.com,14051,East amherst,NY,8345 CLARNEW DR.,7164001000,not pulled
19,Fox,John,lqn1@jumpstartlab.com,14260,Buffalo,NY,350 STUDENT UNION, UNIVERSITY AT BUFFALO,7168689000,not pulled
20,Wells,John,slnielleariel@jumpstartlab.com,14450,Fairport,NY,2 VINEYARD HILL,5854512000,not pulled
21,Venegas,John,renielgr@jumpstartlab.com,14850,Ithaca,NY,881 BOSWICK,6075920000,not pulled
22,White,John,jlex.vlasic@jumpstartlab.com,14850,Ithaca,NY,601 FIRST ST,3036532000,not pulled
23,Dubose,John,leonia@jumpstartlab.com,15206,Pittsburgh,PA,140 STRATFORD AVE,7183054000,not pulled
24,Dowd,John,sellistarena@jumpstartlab.com,16142,New wilmington,PA,203 E. NESHANNOCK,7243443000,not pulled
25,Gassam,John,vmug.bojack@jumpstartlab.com,17815,Bloomsburg,PA,400 EAST SECOND ST.,4843254000,not pulled
26,Rivera,John,wxma.jones@jumpstartlab.com,17815,Bloomsburg,PA,400 EAST SECOND ST.,5706375000,not pulled
27,Mclaughlin,John,shrnisar@jumpstartlab.com,17837,Lewisburg,PA,701 MOORE AVE BOX 1207,9148821000,not pulled
28,Abdulkarim,John,iwbaugh@jumpstartlab.com,19149,Philadelphia,PA,1434 ELBRIDGE ST,2157434000,not pulled
29,Zeller,John,eyudartj@jumpstartlab.com,20036,Washington,DC,1608 RHODE ISLAND AVE, NW,8057662000,not pulled
30,Jahne,John,qyieff@jumpstartlab.com,20686,St marys city,MD,16800 POINT LOOKOUT RD,5555555000,not pulled
31,Fink,John,stiorio@jumpstartlab.com,20686,St. mary's city,MD,16800 POINT LOOKOUT RD.,3213215000,not pulled
32,Westwood,John,ngelacolwell@jumpstartlab.com,21218,Baltimore,MD,3301 N CHARLES ST.,6173650000,not pulled
33,Huber,John,nileyd@jumpstartlab.com,21521,Cumberland,MD,60 PERSHING ST,3016897000,not pulled
34,Begay,John,anhevalier@jumpstartlab.com,22213,Arlington,VA,2515 N. WINCHESTER ST,7032315000,not pulled
35,Kidder,John,gmk1@jumpstartlab.com,23185,Williamsburg,VA,1203 JAMESTOWN ROAD, APT B4,5404470000,not pulled
36,Kittner,John,vfvaruss_campbell@jumpstartlab.com,23185,Williamsburg,VA,CSU 3873 PO BOX 8793,7038620000,not pulled
37,Jacobi,John,tyneskaroluk@jumpstartlab.com,23185,Williamsburg,VA,600 UKROP WAY,7036254000,not pulled
38,Bigwood,John,vpm.odonnell@jumpstartlab.com,24153,Salem,VA,ROANOKE COLLEGE,4042185000,not pulled
39,Desanctis,John,vngallag@jumpstartlab.com,24501,Lynchburg,VA,1501 LAKESIDE DR,3028587000,not pulled
40,Farshchi,John,kjerations@jumpstartlab.com,26501,Morgantown,WV,8 1/2 CHARLESTON,3042908000,not pulled
41,Wikler,John,ick15@jumpstartlab.com,27104,Winston salem,NC,510 STRAFFORDSHIRE RD.,3365292000,not pulled
42,Buckner,John,hhrosl08@jumpstartlab.com,27514,Chapel hill,NC,101 STADIUM DRIVE,9193895000,not pulled
43,Rosenkvist,John,qpancey@jumpstartlab.com,28403,Wilmington,NC,64654654,0000000000,not pulled
44,Gans,John,kgtrano@jumpstartlab.com,28407,Wilmington,NC,UNCW STATION CB# 20360,9195383000,not pulled
45,Cannon,John,fdmiller@jumpstartlab.com,28607,Boone,NC,COLLEGE ST.,9193575000,not pulled
46,Loftis,John,jninr5467@jumpstartlab.com,28804,Asheville,NC,1 UNIVERSITY HTS,3362028000,not pulled
47,Mcmeekin,John,idnielsaintfelix@jumpstartlab.com,28804,Asheville,NC,1 UNIVERSITY HTS,3362028000,not pulled
48,Honani,John,jtmiller@jumpstartlab.com,30322,Atlanta,GA,586 ASBURY CRIRCLE,2392468000,not pulled
49,Bicknell,John,lqhfksfklgkljgrskj@jumpstartlab.com,32303,Tallahassee,FL,510 E. 7TH AVE.,7579713000,not pulled
50,Freer,John,oynko1721@jumpstartlab.com,32303,Tallahassee,FL,510 E. 7TH AVE.,7579713000,not pulled
51,Macdonald,John,ejeliat@jumpstartlab.com,37604,Johnson city,TN,512 E WATAUGA AVE,8655851000,not pulled
52,White,John,obtrinah@jumpstartlab.com,37916,Knoxville,TN,1714 GRAND AVE. APT. 124,6153375000,not pulled
53,Dayananda,John,kyllacamerak@jumpstartlab.com,40206,Louisville,KY,513 EMERY RD.,5027410000,not pulled
54,Dyment,John,lqeisler@jumpstartlab.com,40741,London,KY,216 JOHNSON ADDITION,6068624000,not pulled
55,Cooray,John,emcallum@jumpstartlab.com,45701,Athens,OH,46 EAST GREEN STREET (ROOM 449),4402219000,not pulled
56,Catsos,John,vqlochowr@jumpstartlab.com,48823,East lansing,MI,239 OAKHILL,2313574000,not pulled
57,Alexander,John,ep.collier@jumpstartlab.com,49006,Kalamazoo,MI,ACADEMY,5128267000,not pulled
58,Stork,John,pmilla10@jumpstartlab.com,50014,Ames,IA,303 WELCH AVE,7128983000,not pulled
59,Klar,John,cyaison@jumpstartlab.com,53715,Madison,WI,1315 BOWEN COURT,6512141000,not pulled
60,Hoy,John,xhnebenz@jumpstartlab.com,78705,Austin,TX,300 E 30TH ST APT 304,5126732000,not pulled
61,Dowley,John,bx14@jumpstartlab.com,94705,Berkeley,CA,2219 WARD ST,5748505000,not pulled
62,Ng,John,gcrinemea77@jumpstartlab.com,95060,Santa cruz,CA,1145 LAUREL ST,3237030000,not pulled
63,Tough,John,je_bro1@jumpstartlab.com,97330,Corvallis,OR,1250 NW 23RD STREET APT 8,5414303000,not pulled
